Protein,Val,Tiny,Basic,Acidic,Ngly,Cys,Polar,Asp,Phe,Ogly_T,Asx,Glu,Met,SignalP,Leu,Charged,Asn,Tyr,Ile,Gln,LowComplexityRegions,Hydrophobicity      ,Thr,Xaa,Glx,Gly,Ogly_S,Aromatic,Small,Trp,Non-polar,Ser,Lys,Pro,Ala,Aliphatic,His,Arg,Trans_Helices
CLCN1,7.389,30.061,10.83,10.425,2,1.822,40.385,4.15,5.061,0,0,6.275,2.834,0,11.437,21.255,1.518,0,4.757,4.555,7,35,8,0,0,7.794,0,11.538,50.304,1.316,59.615,3,4.251,7.186,7.389,30.972,2.53,4.049,11
HGD,5.843,27.416,12.809,10.562,1,2.697,43.146,4.944,6.067,0,0,5.618,2.247,0,7.191,23.371,6.067,0,5.169,2.921,0,-158.9,0,0,0,7.865,0,14.831,52.135,1.798,56.854,0,5.618,7.865,6.067,24.27,2.921,4.27,0
ITPK1,7.005,29.71,12.56,11.836,3,2.415,46.618,4.831,4.589,0,0,7.005,2.174,0,9.903,24.396,4.348,0,6.039,5.072,0,-64.3,0,0,0,6.763,0,9.662,50.483,0.483,53.382,0,4.831,4.589,7.729,30.676,2.899,4.831,0
PIGC,8.418,28.62,10.438,7.407,0,2.02,36.364,3.367,7.071,0,0,4.04,2.694,0,13.805,17.845,2.02,0,6.061,3.367,0,141.4,1,0,0,5.387,0,15.488,45.791,2.694,63.636,0,4.714,3.367,8.081,36.364,1.684,4.04,8
TASP1,7.143,38.81,13.81,10.476,0,3.333,45.714,3.333,2.381,0,0,7.143,2.381,0,8.81,24.286,3.571,1,3.095,3.571,1,-97.3,0,0,0,10.238,0,7.619,56.429,0.714,54.286,0,6.429,3.571,10.952,30,2.857,4.524,0
UBA1,7.845,27.221,12.098,12.287,3,1.796,45.652,6.049,4.915,0,0,6.238,2.268,0,10.113,24.386,4.442,2,3.781,5.577,2,-282.5,4,0,0,6.522,0,10.87,51.229,0.945,54.348,0,5.009,5.671,7.656,29.395,2.174,4.915,0
WFS1,7.64,28.315,12.921,10.225,0,2.247,41.461,3.933,5.843,0,0,6.292,2.135,0,12.247,23.146,2.584,0,4.494,3.034,7,46.1,2,0,0,5.281,0,12.809,48.09,2.022,58.539,1,5.056,5.618,8.09,32.472,2.022,5.843,9
ATG9A,5.959,28.367,12.396,10.012,4,2.026,42.431,2.98,5.364,2,0,7.032,1.669,0,11.919,22.408,2.622,2,5.125,5.602,5,-74.6,6,0,0,6.555,0,14.303,46.007,1.788,57.569,0,2.384,6.079,7.986,30.989,4.052,5.959,5
CEBPA,3.352,33.52,14.246,10.056,0,1.117,39.665,4.19,2.793,5,0,5.866,1.397,0,7.821,24.302,2.235,2,2.235,4.749,7,-226.7,1,0,0,10.894,7,9.218,58.659,0,60.335,0,4.19,15.363,13.128,26.536,4.19,5.866,0
CTBP1,7.727,31.364,14.091,11.136,0,1.818,42.273,5.227,2.5,2,0,5.909,1.818,0,10.455,25.227,3.409,0,5.455,3.409,2,-44,0,0,0,7.955,2,9.318,54.091,0.682,57.727,0,3.182,6.364,11.364,35,4.545,6.364,0
FNTB,5.492,30.206,11.213,10.984,0,3.661,41.19,4.119,3.89,3,0,6.865,1.831,0.002,11.67,22.197,2.059,0,4.119,5.721,1,-71.1,1,0,0,8.009,3,13.959,48.284,1.831,58.81,0,3.432,6.407,7.323,28.604,3.661,4.119,0
IRX4,3.276,40.655,11.561,11.175,1,1.734,41.04,3.854,2.312,0,0,7.322,1.541,0.001,9.249,22.736,2.505,4,0.963,2.505,9,-219.8,2,0,0,9.441,0,8.863,59.73,1.156,58.96,0,4.624,9.441,16.185,29.672,1.734,5.202,0
KAT2A,5.615,27.24,15.412,10.633,0,2.031,45.042,3.226,4.062,9,0,7.407,2.509,0,9.677,26.045,3.106,1,4.54,3.943,8,-337.8,2,0,0,6.093,6,10.394,48.148,0.836,54.958,4,7.288,8.961,7.168,27.001,2.031,6.093,0
KDM1B,6.083,30.17,14.477,11.314,1,3.041,45.864,5.353,4.136,0,0,5.961,2.068,0,8.029,25.791,2.92,0,5.109,4.745,2,-287.4,2,0,0,6.934,0,12.287,49.878,1.703,54.136,1,7.299,5.353,7.786,27.007,2.555,4.623,0
MDS1,5.325,30.178,12.426,12.426,0,1.775,43.787,4.142,2.959,3,0,8.284,2.367,0,6.509,24.852,3.55,2,5.325,2.367,1,-87.2,2,0,0,8.284,6,10.651,53.254,1.775,56.213,2,5.325,10.059,7.101,24.26,1.183,5.917,0
PIR,6.207,27.931,15.862,13.103,0,0.69,47.931,4.828,4.138,0,0,8.276,2.414,0.005,7.586,28.966,3.103,0,5.172,3.793,0,-163,0,0,0,10.345,0,11.379,49.31,1.379,52.069,0,7.241,7.241,4.828,23.793,3.793,4.828,0
RBBP9,6.452,29.032,13.978,12.903,0,2.151,45.161,4.839,4.301,0,0,8.065,2.151,0.001,6.452,26.882,2.688,0,6.452,3.226,1,-60.5,0,0,0,6.989,2,14.516,48.925,3.226,54.839,0,6.989,5.914,7.527,26.882,3.763,3.226,0
RGN,8.696,30.1,13.043,12.709,1,3.344,44.816,7.358,3.679,0,0,5.351,2.007,0,7.023,25.753,3.679,0,4.682,3.679,0,-92.6,0,0,0,8.361,0,11.371,54.181,1.672,55.184,0,7.023,4.348,6.689,27.09,1.338,4.682,0
SSBP2,3.324,34.349,7.756,6.648,0,0.831,37.396,3.324,2.77,0,0,3.324,6.648,0,5.817,14.404,6.648,1,1.939,3.324,5,-214.9,5,0,0,14.958,0,9.418,63.712,1.385,62.604,3,1.939,16.066,5.54,16.62,1.939,3.878,0
TAZ,6.507,23.288,17.123,9.247,0,2.055,42.123,3.082,5.479,0,0,6.164,3.425,0.865,10.959,26.37,4.11,0,4.795,3.082,0,-66.3,0,0,0,7.534,0,15.753,44.178,3.082,57.877,0,6.507,7.192,5.137,27.397,5.479,5.137,1
ALG9,5.565,28.151,11.784,7.201,0,2.291,36.007,2.946,7.201,1,0,4.255,2.128,0,13.257,18.985,2.782,0,4.746,2.455,3,110.7,1,0,0,5.728,0,18.494,45.499,2.455,63.993,1,4.092,6.056,8.347,31.915,2.619,5.074,8
CDS1,6.074,25.597,11.931,8.46,1,1.735,39.696,3.688,9.328,0,0,4.772,2.169,0,11.28,20.39,1.735,1,7.592,4.121,1,84.4,3,0,0,6.291,0,18.872,42.082,1.735,60.304,3,4.338,4.989,4.121,29.067,2.82,4.772,7
HIBCH,4.922,26.943,16.062,12.435,0,1.554,47.409,4.404,5.181,0,0,8.031,3.627,0,11.14,28.497,3.886,0,5.959,3.886,1,-103.8,0,0,0,7.513,0,10.881,43.264,0.777,52.591,0,8.29,3.109,6.736,28.756,2.85,4.922,0
HN1L,3.158,34.737,15.789,11.053,0,0.526,50,3.158,3.684,7,0,7.895,2.105,0,3.684,26.842,4.737,0,3.158,2.632,0,-189.3,1,0,0,11.579,7,6.842,60.526,0,50,2,6.842,14.737,6.842,16.842,2.632,6.316,0
PNKP,7.486,31.286,13.628,11.132,0,1.727,42.802,4.223,4.607,0,0,6.91,1.344,0,10.173,24.76,2.495,0,2.495,3.455,1,-155.1,3,0,0,9.021,0,9.405,53.935,1.727,57.198,0,5.374,8.445,8.445,28.599,1.344,6.91,0
RPA1,6.221,25.698,15.058,13.023,0,2.035,48.198,4.651,3.779,0,0,8.372,2.907,0,10.814,28.081,4.012,1,4.477,5,6,-712.8,2,0,0,6.163,0,10.233,45.698,0.814,51.802,1,6.395,5.116,6.395,27.907,2.558,6.105,0
SRPR,7.367,31.034,15.204,12.069,0,1.254,48.589,5.956,4.232,0,0,6.113,2.821,0.005,10.031,27.273,3.762,1,4.075,4.232,3,-191.2,3,0,0,8.15,0,7.21,51.567,0.47,51.411,0,8.621,3.448,8.307,29.781,1.254,5.329,0
TOP3A,5.794,28.671,15.584,11.389,0,3.397,46.853,4.995,4.396,2,0,6.394,2.198,0,8.492,26.973,3.497,0,3.896,5.495,3,-491.5,1,0,0,7.193,0,10.589,49.95,1.099,53.147,1,5.694,6.993,7.193,25.375,2.597,7.293,0
APBB3,6.173,34.774,11.728,10.7,0,3.292,40.947,5.967,2.469,0,0,4.733,3.086,0.001,10.082,22.428,1.646,0,3.498,4.527,2,-79.4,3,0,0,9.259,0,9.465,55.35,2.881,59.053,1,3.909,6.79,9.877,29.63,2.469,5.35,0
CD28,9.545,24.545,13.182,5.455,5,2.727,40,3.182,5,1,0,2.273,2.273,0.618,11.364,18.636,5.909,1,3.636,3.636,0,-12.2,0,0,0,5.455,0,15.455,50.455,0.909,60,0,5.909,7.273,4.545,29.091,2.273,5,1
CLDN1,5.534,32.411,9.486,9.486,0,4.743,39.13,4.348,6.324,0,0,5.138,2.767,0.841,11.462,18.972,3.953,0,5.929,1.976,0,59.6,0,0,0,5.534,0,15.415,49.802,2.767,60.87,0,3.162,3.557,7.905,30.83,1.976,4.348,4
CLN5,4.749,25.978,12.57,10.615,0,1.955,40.503,4.19,8.101,0,0,6.425,2.514,0.99,8.101,23.184,4.19,0,4.749,3.073,1,-97.6,0,0,0,7.263,0,18.715,45.81,3.631,59.497,0,6.145,6.704,6.704,24.302,1.955,4.469,1
CLYBL,7.059,28.529,14.706,11.765,0,1.176,43.824,4.706,4.412,0,0,7.059,2.059,0.993,11.765,26.471,2.647,0,5.882,4.706,1,-22.2,0,0,0,6.471,0,7.941,47.353,0.588,56.176,0,7.941,4.412,10.882,35.588,1.471,5.294,0
CPEB1,5.477,31.979,13.428,10.601,0,2.65,47.88,6.714,4.24,0,0,3.887,1.943,0,10.071,24.028,3.71,0,3.357,3.18,2,-221.5,6,0,0,6.36,0,10.954,55.83,2.12,52.12,2,4.24,7.951,6.007,24.912,2.65,6.537,0
KCNA4,6.126,30.168,12.711,14.701,0,2.297,47.779,4.747,6.126,0,0,9.954,1.838,0.001,8.116,27.412,3.063,2,5.207,3.982,9,-213.9,2,0,0,7.351,0,12.711,48.086,0.613,52.221,1,3.828,3.982,7.198,26.646,2.603,6.279,3
MLC1,8.753,31.565,9.284,8.223,1,2.918,37.931,3.714,5.305,1,0,4.509,2.387,0,12.997,17.507,3.183,1,6.101,2.918,2,164,0,0,0,4.509,0,9.549,53.05,1.326,62.069,0,4.244,5.836,9.814,37.666,0.796,4.244,7
MYOZ1,3.679,36.12,12.375,9.699,2,0,45.151,4.013,3.679,0,0,5.686,3.679,0,8.696,22.074,3.679,0,3.01,5.017,3,-170.1,1,0,0,16.054,0,9.365,53.846,0.669,54.849,0,6.689,6.355,5.686,21.07,1.672,4.013,0
NADK,7.848,30.717,13.004,11.659,0,2.691,46.413,4.709,3.812,0,0,6.951,3.139,0,7.623,24.664,3.363,0,5.381,4.26,3,-101.7,1,0,0,6.502,0,10.09,52.466,1.121,53.587,0,5.381,5.83,7.399,28.251,2.915,4.709,0
PANK4,6.856,28.849,14.101,13.195,0,1.552,44.89,5.951,5.045,0,0,7.245,1.294,0,11.772,27.296,3.234,0,4.398,3.105,3,-151.8,3,0,0,8.021,0,12.031,48.9,1.294,55.11,0,5.563,4.01,8.021,31.048,2.846,5.692,0
PYGB,7.829,22.301,15.658,13.76,0,1.423,45.67,6.524,4.626,0,0,7.236,2.491,0,9.49,29.419,4.864,0,5.694,3.321,1,-279.8,0,0,0,5.694,0,12.693,46.145,1.423,54.33,0,6.643,4.626,7.117,30.13,2.728,6.287,0
WDR92,7.563,28.852,14.566,11.204,0,2.241,46.218,5.322,4.202,0,0,5.882,2.241,0,7.563,25.77,4.762,0,6.162,4.482,1,-115.3,0,0,0,9.524,0,11.204,50.42,2.241,53.782,0,7.563,3.922,5.882,27.171,2.521,4.482,0
RAG2,6.262,28.843,12.713,12.524,3,3.416,48.387,6.262,5.313,3,0,6.262,2.467,0,7.021,25.237,5.882,1,5.882,2.657,0,-196.9,1,0,0,7.021,0,13.283,52.751,1.328,51.613,3,6.262,5.503,3.795,22.96,3.036,3.416,0
BRI3,7.2,31.2,12,4.8,0,6.4,28,2.4,6.4,0,0,2.4,0.8,0,7.2,16.8,3.2,0,6.4,1.6,2,23.4,0,0,0,9.6,0,16,57.6,0,72,0,1.6,13.6,8.8,29.6,4,6.4,2
ACMSD,7.44,23.81,14.583,12.5,0,2.083,41.071,5.357,5.357,0,0,7.143,4.167,0,11.012,27.083,2.976,0,3.571,3.274,0,-66.1,0,0,0,8.036,0,12.798,46.131,2.381,58.929,0,8.036,6.548,5.952,27.976,2.679,3.869,1
CIC,5.41,40.547,10.137,8.271,3,0.622,41.915,3.109,2.488,0,0,5.162,1.182,0,6.405,18.408,1.244,7,1.928,4.042,24,-765.4,35,0,0,9.888,0,5.535,66.915,0.56,58.085,19,4.104,16.604,11.816,25.56,1.306,4.726,0
COQ6,8.333,34.829,12.821,9.402,1,1.068,43.376,5.983,2.991,0,0,3.419,2.564,0.037,10.897,22.222,2.991,1,3.419,2.778,1,-5.2,0,0,0,6.624,0,11.752,56.197,2.35,56.624,0,3.632,4.06,11.752,34.402,3.846,5.342,0
LAMP1,7.194,35.731,11.031,6.954,17,2.158,45.564,3.597,4.317,3,0,3.357,2.638,1,11.031,17.986,6.715,1,3.837,2.878,3,-8.2,4,0,0,6.715,6,9.113,58.273,0.24,54.436,0,4.317,5.036,8.873,30.935,2.158,4.556,2
LIPE,6.6,27.8,15,11,3,2.6,47.4,5.2,5,1,0,5.8,2.4,0.937,8.6,26,5.4,0,4.6,3,0,-201.8,0,0,0,7.6,0,14,50,2,52.6,0,5.8,5,4.6,24.4,3.4,5.8,0
NIP7,8.889,26.667,16.111,11.111,2,1.667,44.444,5,4.444,1,0,6.111,2.778,0,8.889,27.222,2.778,0,5,3.333,0,-38.1,0,0,0,7.222,0,14.444,46.667,0.556,55.556,0,7.778,3.333,6.667,29.444,3.333,5,0
NLRC4,4.785,26.172,13.77,11.914,1,2.246,48.242,5.176,5.664,0,0,6.738,2.246,0,14.648,25.684,4.59,0,5.762,4.98,2,-118.8,0,0,0,5.566,0,11.621,43.066,1.074,51.758,0,7.031,2.344,5.371,30.566,2.832,3.906,0
NXN,6.207,27.126,11.954,15.172,0,1.609,42.529,5.747,4.368,0,0,9.425,1.609,0,11.264,27.126,2.759,0,5.057,3.218,3,-100.9,0,0,0,7.356,0,9.885,48.736,1.609,57.471,0,4.598,6.897,8.736,31.264,1.149,6.207,0
PBLD,6.597,30.556,13.194,11.458,0,1.736,44.444,5.208,5.208,1,0,6.25,1.736,0.011,11.806,24.653,4.167,0,4.167,3.472,0,-33,0,0,0,7.292,0,11.806,51.042,1.042,55.556,0,4.514,4.514,9.375,31.944,3.472,5.208,0
PEPD,8.722,31.034,13.59,12.982,0,2.84,42.799,5.274,4.868,0,0,7.708,3.245,0.002,8.316,26.572,2.434,0,4.057,2.434,0,-63.9,0,0,0,9.128,0,12.779,51.724,1.014,57.201,0,3.854,4.26,7.708,28.803,3.854,5.882,0
PRPH2,6.069,27.746,12.139,9.827,1,3.468,42.197,4.046,4.913,0,0,5.78,2.601,0.092,12.428,21.965,5.491,0,5.491,3.179,3,-16.9,0,0,0,7.514,0,12.428,46.821,2.89,57.803,0,6.936,3.468,5.202,29.191,0.867,4.335,3
RRAGC,6.015,29.825,12.03,14.286,2,1.754,46.115,7.519,6.015,0,0,6.767,2.506,0,8.271,26.316,3.759,2,7.268,2.757,2,-59.6,0,0,0,7.769,0,13.283,50.125,0.251,53.885,0,6.015,3.008,7.018,28.571,3.008,3.008,0
TKTL2,7.508,33.866,12.3,11.182,1,2.236,44.249,5.431,3.994,2,0,5.751,2.236,0,7.029,23.482,3.674,0,7.029,3.834,1,-45,2,0,0,7.508,0,10.064,54.792,0.799,55.751,0,4.473,4.313,10.863,32.428,3.035,4.792,0
BASP1,1.762,43.612,14.097,22.467,0,0,51.982,3.524,0,10,0,18.943,0.441,0,0.441,36.564,1.322,0,0,3.084,7,-285.1,2,0,0,7.489,14,0.441,62.555,0,48.018,3,14.097,12.335,25.11,27.313,0,0,0
CMBL,7.347,24.082,15.102,12.245,1,2.449,44.082,6.122,4.082,0,0,6.122,2.041,0,6.122,27.347,3.673,0,8.571,4.49,0,-78.1,0,0,0,7.347,0,14.694,46.122,2.449,55.918,0,7.755,4.898,5.714,27.755,3.265,4.082,0
G6PD,6.796,23.107,14.757,13.01,0,1.553,46.019,5.631,5.437,0,0,7.379,2.718,0,8.932,27.767,4.854,1,5.825,4.466,0,-190.6,0,0,0,6.408,0,13.398,45.049,1.359,53.981,0,5.631,4.66,6.214,27.767,2.524,6.602,0
ILF2,7.436,27.949,12.051,13.59,0,1.026,45.641,4.103,3.846,4,0,9.487,2.051,0,10.513,25.641,3.846,1,5.641,3.846,3,-91.6,0,0,0,7.692,1,8.205,50,0.769,54.359,0,4.359,6.667,6.923,30.513,1.795,5.897,0
IREB2,8.204,30.218,12.357,10.592,3,1.869,43.51,4.673,4.984,1,0,5.919,1.661,0,9.657,22.949,4.569,0,5.711,2.908,2,-73.7,1,0,0,8.411,0,10.592,53.375,0.727,56.49,0,6.646,5.711,6.854,30.426,2.181,3.531,0
KHK,10.403,29.866,12.752,12.752,1,2.349,43.624,6.711,4.698,0,0,6.04,1.342,0.072,9.396,25.503,2.013,0,4.362,5.034,0,-28.5,0,0,0,8.725,0,9.732,53.02,1.007,56.376,0,4.698,4.027,7.718,31.879,1.678,6.376,0
PDDC1,9.091,39.091,10.909,9.091,0,4.091,40.455,4.545,5,0,0,4.545,1.364,0.974,10.455,20,2.727,0,1.818,2.727,0,39.1,0,0,0,6.364,0,10.455,60.909,0.909,59.545,0,2.727,5.455,13.636,35,3.182,5,0
PTH1R,7.083,31.366,12.31,9.275,0,2.53,39.798,3.204,4.722,6,0,6.071,2.361,0.994,10.961,21.585,2.867,1,3.879,2.361,4,-7.2,2,0,0,6.745,0,13.828,50.59,2.53,60.202,1,4.216,6.071,9.106,31.029,2.361,5.734,7
SESN1,6.301,25,14.837,13.618,0,2.236,46.341,5.691,4.472,0,0,7.927,3.659,0.033,9.959,28.455,3.862,0,4.675,3.862,0,-161.4,3,0,0,5.691,0,15.65,44.715,1.22,53.659,1,3.862,3.862,6.911,27.846,5.285,5.691,0
SF3B3,8.381,27.116,11.668,13.147,4,1.561,45.275,5.505,4.684,0,0,7.642,2.136,0,10.025,24.815,4.601,2,5.505,3.944,1,-203.7,1,0,0,7.149,0,10.6,50.616,0.657,54.725,0,4.273,5.012,6.491,30.403,2.136,5.259,0
ACLY,7.266,30.154,13.17,11.081,0,1.453,41.689,5.359,3.996,0,0,5.722,3.088,0,8.174,24.251,3.179,2,6.994,2.997,2,-115.9,2,0,0,9.264,0,10.899,51.226,0.999,58.311,1,6.54,5.268,8.174,30.609,2.271,4.36,0
ADPGK,8.853,30.785,12.072,10.664,0,1.207,41.247,4.024,4.628,0,0,6.64,2.012,0.965,11.871,22.736,3.018,0,4.024,3.421,3,31.9,1,0,0,7.847,0,12.274,52.314,1.811,58.753,0,2.817,5.634,9.658,34.406,4.628,4.628,0
ATG7,6.686,29.161,11.664,11.095,2,2.845,41.963,5.974,5.121,0,0,5.121,2.418,0,12.376,22.76,3.983,0,3.414,3.841,1,-50,0,0,0,6.543,0,11.522,51.636,1.422,58.037,0,5.263,5.832,8.393,30.868,1.991,4.41,0
COPB2,7.174,26.49,12.914,14.459,0,1.656,47.572,6.071,3.753,0,0,8.389,1.987,0,9.713,27.373,4.525,0,5.74,4.084,1,-276.9,1,0,0,5.85,0,11.921,47.792,2.097,52.428,1,6.071,3.532,7.395,30.022,2.539,4.305,0
ETFA,9.009,36.036,12.613,9.91,0,1.802,41.441,5.405,3.303,0,0,4.505,1.201,0.16,9.309,22.523,2.402,0,6.306,3.604,2,48.6,1,0,0,7.508,0,6.907,57.057,0.3,58.559,0,7.808,4.204,13.814,38.438,1.502,3.303,0
FLCN,6.908,30.57,13.472,12.435,1,2.936,47.841,3.972,4.318,0,0,8.463,2.591,0.003,9.672,25.907,2.936,1,3.8,4.491,2,-171,7,0,0,6.39,0,11.054,49.914,1.727,52.159,0,4.836,5.527,6.736,27.116,3.454,5.181,0
FTSJ1,5.065,26.104,13.896,10.39,0,4.286,46.623,3.896,6.494,0,0,6.494,2.338,0,13.247,24.286,5.844,0,4.545,4.026,1,-89.1,0,0,0,4.286,0,14.935,44.935,1.688,53.377,0,6.364,4.026,5.065,27.922,4.416,3.117,0
LHPP,8.889,30.741,12.963,12.593,0,1.852,41.481,5.926,2.963,0,0,6.667,2.593,0.072,9.63,25.556,2.593,0,4.444,5.185,2,-39.4,0,0,0,10.37,0,8.148,52.222,0.37,58.519,0,5.556,4.074,10.37,33.333,1.852,5.556,0
MLEC,9.589,25.685,12.671,13.699,1,1.027,40.753,5.137,4.11,0,0,8.562,1.712,0.991,10.274,26.37,3.425,0,4.795,3.082,3,-45.5,1,0,0,9.589,0,11.301,50,0.685,59.247,0,5.822,6.164,7.192,31.849,2.397,4.452,1
STT3B,6.538,29.177,12.954,7.99,0,1.332,40.315,3.995,6.538,0,0,3.995,3.027,0.001,9.443,20.944,3.995,2,6.295,2.421,3,31.7,3,0,0,7.022,0,17.191,47.821,2.663,59.685,0,5.206,4.116,7.869,30.145,3.148,4.6,10
TFB2M,4.293,23.232,17.172,11.111,0,2.02,44.192,5.556,4.545,0,0,5.556,2.525,0.339,13.131,28.283,3.283,0,5.556,3.283,0,-123,0,0,0,5.808,0,11.869,43.687,1.768,55.808,0,7.323,7.323,6.061,29.04,2.778,7.071,0
TRM1L,6.139,29.468,15.553,11.46,1,2.865,49.659,4.638,3.411,0,0,6.821,2.592,0,8.458,27.012,5.457,0,5.321,3.82,6,-285,1,0,0,4.638,0,10.095,50.887,0.682,50.341,2,6.958,5.184,8.595,28.513,3.547,5.048,0
WDR25,5.331,36.029,15.441,8.824,2,2.757,48.346,4.596,4.596,0,0,4.228,1.838,0.05,8.088,24.265,1.838,2,2.574,4.412,2,-247.4,1,0,0,8.088,0,12.868,54.228,2.022,51.654,1,4.963,6.434,7.353,23.346,3.676,6.801,0
ACOT2,7.246,28.364,14.7,10.352,0,1.449,39.13,3.52,3.727,0,0,6.832,2.07,0,12.215,25.052,2.07,0,3.52,3.106,2,-80.2,1,0,0,9.524,0,11.387,49.482,1.242,60.87,0,4.348,8.282,8.489,31.47,3.313,7.039,0
ERI3,5.045,30.861,11.573,7.715,0,2.671,37.389,3.858,5.341,0,0,3.858,3.858,0.281,9.792,19.288,2.077,0,4.748,4.748,1,-17.7,0,0,0,8.902,0,13.65,50.742,2.967,62.611,0,4.748,8.902,8.012,27.596,2.967,3.858,0
LECT1,7.485,29.341,12.874,10.778,0,3.293,43.413,4.192,3.293,6,0,6.587,2.395,0,6.287,23.653,4.491,0,6.587,3.593,0,-100.4,0,0,0,8.084,0,10.778,52.695,1.796,56.587,0,5.988,7.186,6.287,26.647,1.796,5.09,1
LGMN,8.314,24.48,15.242,12.24,0,1.617,46.882,6.236,2.079,0,0,6.005,3.695,0.871,8.314,27.483,4.619,1,5.081,3.002,0,-173.4,2,0,0,5.543,0,15.242,49.192,1.386,53.118,1,5.543,5.543,5.543,27.252,5.774,3.926,0
NRSN1,10.256,32.308,10.769,8.718,0,2.564,41.026,3.59,6.154,0,0,5.128,2.051,0.002,7.692,19.487,2.051,1,4.615,6.154,1,15.9,0,0,0,7.692,0,12.821,52.308,1.538,58.974,0,5.641,4.103,8.718,31.282,1.538,3.59,2
RPP14,8.065,29.839,11.29,9.677,1,3.226,38.71,4.032,4.032,1,0,5.645,1.613,0,16.129,20.968,2.419,2,4.032,3.226,0,34.2,0,0,0,5.645,0,10.484,48.387,0.806,61.29,0,7.258,4.032,8.871,37.097,0.806,3.226,0
XRN1,6.331,24.971,15.533,12.251,4,1.583,49.766,4.631,4.689,2,0,7.62,2.11,0,7.796,27.784,4.807,1,5.569,4.689,6,-904.7,4,0,0,5.803,0,13.482,47.011,1.348,50.234,3,7.268,6.272,5.1,24.795,3.81,4.455,0
EPM2A,7.855,28.701,13.293,11.178,0,2.719,39.577,3.323,3.323,0,0,7.855,3.323,0.132,8.761,24.471,3.625,0,3.625,3.625,3,-77.8,0,0,0,9.366,0,13.595,49.547,3.021,60.423,0,3.323,6.042,8.761,29.003,3.625,6.344,0
GYS1,5.834,28.901,13.569,12.89,0,1.9,47.354,5.292,5.563,5,0,7.598,2.035,0,9.634,26.459,4.342,1,3.256,2.985,4,-297.1,4,0,0,5.97,8,13.976,49.661,1.9,52.646,1,3.935,5.292,7.463,26.187,2.714,6.92,0
NFU1,6.299,25.984,11.417,13.78,0,1.181,44.094,5.906,6.299,3,0,7.874,3.15,0.276,7.874,25.197,3.15,0,5.906,4.724,1,-69.3,0,0,0,6.299,1,10.63,49.606,0.787,55.906,0,5.118,8.268,7.48,27.559,1.181,5.118,0
EBP,9.565,25.652,11.739,6.957,0,1.739,34.783,4.348,6.522,0,0,2.609,1.304,0.028,15.652,18.696,2.609,0,3.478,3.478,1,79.8,0,0,0,7.391,0,19.565,46.522,4.783,65.217,0,3.478,4.348,6.522,35.217,4.348,3.913,5
BET1,3.39,31.356,13.559,9.322,0,1.695,44.915,1.695,5.085,0,0,7.627,4.237,0,11.864,22.881,4.237,4,6.78,2.542,1,-15.9,0,0,0,10.169,0,11.864,42.373,0.847,55.085,0,7.627,1.695,4.237,26.271,0.847,5.085,1
RYR2,6.141,25.649,14.455,13.932,0,1.812,47.836,5.677,4.57,1,0,8.254,3.181,0,11.174,28.387,3.866,2,4.751,4.006,15,-1610.8,1,0,0,6.141,0,11.959,45.138,1.148,52.164,1,6.382,3.805,6.12,28.186,2.919,5.154,6
APOM,3.191,29.255,11.702,11.17,1,3.191,44.149,3.723,5.319,0,0,7.447,3.191,0.396,11.17,22.872,4.255,0,4.787,4.255,0,-48.6,1,0,0,6.915,0,13.83,46.809,1.596,55.851,0,4.255,6.383,6.383,25.532,3.191,4.255,0
FXYD6,8.421,26.316,10.526,12.632,1,3.158,40,3.158,5.263,0,0,9.474,3.158,0.996,13.684,23.158,4.211,0,4.211,4.211,0,17.2,0,0,0,4.211,0,8.421,47.368,0,60,0,5.263,5.263,10.526,36.842,1.053,4.211,2
MBD6,3.29,37.886,9.372,5.683,4,1.196,36.391,1.994,1.894,0,0,3.689,0.897,0,12.562,15.055,2.293,0,0.897,2.991,30,-376.1,20,0,0,11.565,0,4.586,66.8,0.399,63.609,6,1.695,21.336,9.073,25.823,1.795,5.882,0
RER1,8.163,23.469,14.796,7.653,0,1.02,37.755,4.082,8.673,0,0,3.571,4.082,0,8.163,22.449,1.531,0,6.633,2.551,0,15.9,0,0,0,6.122,0,19.898,42.857,2.551,62.245,0,6.122,5.612,5.102,28.061,2.551,6.122,3
RGMA,5.778,34.222,13.111,10,3,3.556,43.556,5.333,4.222,0,0,4.667,1.556,0.935,10,23.111,3.333,0,2.444,4,4,-115.6,3,0,0,6.889,0,11.778,55.556,1.111,56.444,1,4.444,6.889,10.667,28.889,3.111,5.556,0
UPP2,6.94,27.445,14.511,12.618,2,4.101,42.902,6.94,5.047,0,0,5.678,3.785,0,10.41,27.129,3.47,0,7.256,1.893,1,5.6,0,0,0,7.256,0,11.041,48.58,0,57.098,0,5.363,3.785,5.678,30.284,3.155,5.994,0
SMO,6.734,32.529,11.817,8.386,3,3.304,38.755,3.685,4.701,0,0,4.701,1.906,0.993,10.292,20.203,3.177,0,4.193,3.304,5,-22.5,1,0,0,7.751,0,11.309,54.384,2.414,61.245,1,3.685,8.259,9.403,30.623,1.906,6.226,7
ACOX3,6.714,30,13.286,10.857,0,1.857,42.143,5,5.143,0,0,5.857,1.714,0,13.143,24.143,2.571,2,3.286,3.857,0,-47,0,0,0,7.143,0,12.429,49.143,1.286,57.857,0,4.714,4.857,9.429,32.571,2.714,5.857,0
CXXC5,3.106,45.342,13.354,8.385,4,2.484,44.099,2.795,2.795,2,0,5.59,3.727,0.003,8.075,21.739,2.795,0,2.174,3.416,4,-95.9,2,0,0,11.18,10,5.901,59.627,0.311,55.901,1,6.522,5.59,15.528,28.882,1.863,4.969,0
POMT2,6,29.067,12.667,6.667,0,1.2,36.8,3.733,5.733,0,0,2.933,2.667,0.081,14.267,19.333,3.467,0,4.667,2.267,4,115.8,0,0,0,8.8,0,16.8,47.733,3.2,63.2,0,3.333,5.467,7.333,32.267,4,5.333,10
